cC2pmT0Vdj,mxa2fz8SE5,1,1
cC2pmT0Vdj,mxa2fz8SE5,1,1,gZtJXnFPCq,NYDrOimHWA,1,1
cC2pmT0Vdj,mxa2fz8SE5,1,1,gZtJXnFPCq,NYDrOimHWA,1,1,GopzctA16F,lWfISBQwp0,0,0
cC2pmT0Vdj,mxa2fz8SE5,1,1,gZtJXnFPCq,NYDrOimHWA,1,1,GopzctA16F,lWfISBQwp0,0,0,1dWNJjbAY5,w3T7DaoekN,1,0
cC2pmT0Vdj,mxa2fz8SE5,1,1,gZtJXnFPCq,NYDrOimHWA,1,1,GopzctA16F,lWfISBQwp0,0,0,1dWNJjbAY5,w3T7DaoekN,1,0,YRrENwpOHZ,Hct9KJkg1A,0,1
cC2pmT0Vdj,mxa2fz8SE5,1,1,gZtJXnFPCq,NYDrOimHWA,1,1,GopzctA16F,lWfISBQwp0,0,0,1dWNJjbAY5,w3T7DaoekN,1,0,YRrENwpOHZ,Hct9KJkg1A,0,1,2xpWXMCGa3,eoOgRurcx3,0,0
cC2pmT0Vdj,mxa2fz8SE5,1,1,gZtJXnFPCq,NYDrOimHWA,1,1,GopzctA16F,lWfISBQwp0,0,0,1dWNJjbAY5,w3T7DaoekN,1,0,YRrENwpOHZ,Hct9KJkg1A,0,1,2xpWXMCGa3,eoOgRurcx3,0,0,nmsCNDhRAb,vZomuDQbAd,0,1
cC2pmT0Vdj,mxa2fz8SE5,1,1,gZtJXnFPCq,NYDrOimHWA,1,1,GopzctA16F,lWfISBQwp0,0,0,1dWNJjbAY5,w3T7DaoekN,1,0,YRrENwpOHZ,Hct9KJkg1A,0,1,2xpWXMCGa3,eoOgRurcx3,0,0,nmsCNDhRAb,vZomuDQbAd,0,1,XJfEDWldyo,bulCfdKsLz,1,0
cC2pmT0Vdj,mxa2fz8SE5,1,1,gZtJXnFPCq,NYDrOimHWA,1,1,GopzctA16F,lWfISBQwp0,0,0,1dWNJjbAY5,w3T7DaoekN,1,0,YRrENwpOHZ,Hct9KJkg1A,0,1,2xpWXMCGa3,eoOgRurcx3,0,0,nmsCNDhRAb,vZomuDQbAd,0,1,XJfEDWldyo,bulCfdKsLz,1,0,1Rcp7uCDTv,U5CxdqIaQT,1,1
cC2pmT0Vdj,mxa2fz8SE5,1,1,gZtJXnFPCq,NYDrOimHWA,1,1,GopzctA16F,lWfISBQwp0,0,0,1dWNJjbAY5,w3T7DaoekN,1,0,YRrENwpOHZ,Hct9KJkg1A,0,1,2xpWXMCGa3,eoOgRurcx3,0,0,nmsCNDhRAb,vZomuDQbAd,0,1,XJfEDWldyo,bulCfdKsLz,1,0,1Rcp7uCDTv,U5CxdqIaQT,1,1,ENm79UDope,ZQhXby5D8v,1,1
cC2pmT0Vdj,mxa2fz8SE5,1,1,gZtJXnFPCq,NYDrOimHWA,1,1,GopzctA16F,lWfISBQwp0,0,0,1dWNJjbAY5,w3T7DaoekN,1,0,YRrENwpOHZ,Hct9KJkg1A,0,1,2xpWXMCGa3,eoOgRurcx3,0,0,nmsCNDhRAb,vZomuDQbAd,0,1,XJfEDWldyo,bulCfdKsLz,1,0,1Rcp7uCDTv,U5CxdqIaQT,1,1,ENm79UDope,ZQhXby5D8v,1,1,7W8SBJLEZb,WGYETAnuo5,0,1
cC2pmT0Vdj,mxa2fz8SE5,1,1,gZtJXnFPCq,NYDrOimHWA,1,1,GopzctA16F,lWfISBQwp0,0,0,1dWNJjbAY5,w3T7DaoekN,1,0,YRrENwpOHZ,Hct9KJkg1A,0,1,2xpWXMCGa3,eoOgRurcx3,0,0,nmsCNDhRAb,vZomuDQbAd,0,1,XJfEDWldyo,bulCfdKsLz,1,0,1Rcp7uCDTv,U5CxdqIaQT,1,1,ENm79UDope,ZQhXby5D8v,1,1,7W8SBJLEZb,WGYETAnuo5,0,1,qrMOT0QFJC,dBIvx8LN5w,1,1
cC2pmT0Vdj,mxa2fz8SE5,1,1,gZtJXnFPCq,NYDrOimHWA,1,1,GopzctA16F,lWfISBQwp0,0,0,1dWNJjbAY5,w3T7DaoekN,1,0,YRrENwpOHZ,Hct9KJkg1A,0,1,2xpWXMCGa3,eoOgRurcx3,0,0,nmsCNDhRAb,vZomuDQbAd,0,1,XJfEDWldyo,bulCfdKsLz,1,0,1Rcp7uCDTv,U5CxdqIaQT,1,1,ENm79UDope,ZQhXby5D8v,1,1,7W8SBJLEZb,WGYETAnuo5,0,1,qrMOT0QFJC,dBIvx8LN5w,1,1,LfupzjorIG,WfbmvQt2I3,1,0
cC2pmT0Vdj,mxa2fz8SE5,1,1,gZtJXnFPCq,NYDrOimHWA,1,1,GopzctA16F,lWfISBQwp0,0,0,1dWNJjbAY5,w3T7DaoekN,1,0,YRrENwpOHZ,Hct9KJkg1A,0,1,2xpWXMCGa3,eoOgRurcx3,0,0,nmsCNDhRAb,vZomuDQbAd,0,1,XJfEDWldyo,bulCfdKsLz,1,0,1Rcp7uCDTv,U5CxdqIaQT,1,1,ENm79UDope,ZQhXby5D8v,1,1,7W8SBJLEZb,WGYETAnuo5,0,1,qrMOT0QFJC,dBIvx8LN5w,1,1,LfupzjorIG,WfbmvQt2I3,1,0,MPFfnbgl9c,OnuiGKesND,1,0
cC2pmT0Vdj,mxa2fz8SE5,1,1,gZtJXnFPCq,NYDrOimHWA,1,1,GopzctA16F,lWfISBQwp0,0,0,1dWNJjbAY5,w3T7DaoekN,1,0,YRrENwpOHZ,Hct9KJkg1A,0,1,2xpWXMCGa3,eoOgRurcx3,0,0,nmsCNDhRAb,vZomuDQbAd,0,1,XJfEDWldyo,bulCfdKsLz,1,0,1Rcp7uCDTv,U5CxdqIaQT,1,1,ENm79UDope,ZQhXby5D8v,1,1,7W8SBJLEZb,WGYETAnuo5,0,1,qrMOT0QFJC,dBIvx8LN5w,1,1,LfupzjorIG,WfbmvQt2I3,1,0,MPFfnbgl9c,OnuiGKesND,1,0,t0XocOd49G,KvWjBwTyRa,0,1
cC2pmT0Vdj,mxa2fz8SE5,1,1,gZtJXnFPCq,NYDrOimHWA,1,1,GopzctA16F,lWfISBQwp0,0,0,1dWNJjbAY5,w3T7DaoekN,1,0,YRrENwpOHZ,Hct9KJkg1A,0,1,2xpWXMCGa3,eoOgRurcx3,0,0,nmsCNDhRAb,vZomuDQbAd,0,1,XJfEDWldyo,bulCfdKsLz,1,0,1Rcp7uCDTv,U5CxdqIaQT,1,1,ENm79UDope,ZQhXby5D8v,1,1,7W8SBJLEZb,WGYETAnuo5,0,1,qrMOT0QFJC,dBIvx8LN5w,1,1,LfupzjorIG,WfbmvQt2I3,1,0,MPFfnbgl9c,OnuiGKesND,1,0,t0XocOd49G,KvWjBwTyRa,0,1,r4fXP8m296,SNdI2XECGO,0,0
cC2pmT0Vdj,mxa2fz8SE5,1,1,gZtJXnFPCq,NYDrOimHWA,1,1,GopzctA16F,lWfISBQwp0,0,0,1dWNJjbAY5,w3T7DaoekN,1,0,YRrENwpOHZ,Hct9KJkg1A,0,1,2xpWXMCGa3,eoOgRurcx3,0,0,nmsCNDhRAb,vZomuDQbAd,0,1,XJfEDWldyo,bulCfdKsLz,1,0,1Rcp7uCDTv,U5CxdqIaQT,1,1,ENm79UDope,ZQhXby5D8v,1,1,7W8SBJLEZb,WGYETAnuo5,0,1,qrMOT0QFJC,dBIvx8LN5w,1,1,LfupzjorIG,WfbmvQt2I3,1,0,MPFfnbgl9c,OnuiGKesND,1,0,t0XocOd49G,KvWjBwTyRa,0,1,r4fXP8m296,SNdI2XECGO,0,0,B2u6YFEyGK,P0IpqaTOmd,0,0
cC2pmT0Vdj,mxa2fz8SE5,1,1,gZtJXnFPCq,NYDrOimHWA,1,1,GopzctA16F,lWfISBQwp0,0,0,1dWNJjbAY5,w3T7DaoekN,1,0,YRrENwpOHZ,Hct9KJkg1A,0,1,2xpWXMCGa3,eoOgRurcx3,0,0,nmsCNDhRAb,vZomuDQbAd,0,1,XJfEDWldyo,bulCfdKsLz,1,0,1Rcp7uCDTv,U5CxdqIaQT,1,1,ENm79UDope,ZQhXby5D8v,1,1,7W8SBJLEZb,WGYETAnuo5,0,1,qrMOT0QFJC,dBIvx8LN5w,1,1,LfupzjorIG,WfbmvQt2I3,1,0,MPFfnbgl9c,OnuiGKesND,1,0,t0XocOd49G,KvWjBwTyRa,0,1,r4fXP8m296,SNdI2XECGO,0,0,B2u6YFEyGK,P0IpqaTOmd,0,0,zm8uTJMc0n,5WMPnEHDiI,0,0
cC2pmT0Vdj,mxa2fz8SE5,1,1,gZtJXnFPCq,NYDrOimHWA,1,1,GopzctA16F,lWfISBQwp0,0,0,1dWNJjbAY5,w3T7DaoekN,1,0,YRrENwpOHZ,Hct9KJkg1A,0,1,2xpWXMCGa3,eoOgRurcx3,0,0,nmsCNDhRAb,vZomuDQbAd,0,1,XJfEDWldyo,bulCfdKsLz,1,0,1Rcp7uCDTv,U5CxdqIaQT,1,1,ENm79UDope,ZQhXby5D8v,1,1,7W8SBJLEZb,WGYETAnuo5,0,1,qrMOT0QFJC,dBIvx8LN5w,1,1,LfupzjorIG,WfbmvQt2I3,1,0,MPFfnbgl9c,OnuiGKesND,1,0,t0XocOd49G,KvWjBwTyRa,0,1,r4fXP8m296,SNdI2XECGO,0,0,B2u6YFEyGK,P0IpqaTOmd,0,0,zm8uTJMc0n,5WMPnEHDiI,0,0,qtfxwTmJMc,l9x0UoLhtK,1,0
cC2pmT0Vdj,mxa2fz8SE5,1,1,gZtJXnFPCq,NYDrOimHWA,1,1,GopzctA16F,lWfISBQwp0,0,0,1dWNJjbAY5,w3T7DaoekN,1,0,YRrENwpOHZ,Hct9KJkg1A,0,1,2xpWXMCGa3,eoOgRurcx3,0,0,nmsCNDhRAb,vZomuDQbAd,0,1,XJfEDWldyo,bulCfdKsLz,1,0,1Rcp7uCDTv,U5CxdqIaQT,1,1,ENm79UDope,ZQhXby5D8v,1,1,7W8SBJLEZb,WGYETAnuo5,0,1,qrMOT0QFJC,dBIvx8LN5w,1,1,LfupzjorIG,WfbmvQt2I3,1,0,MPFfnbgl9c,OnuiGKesND,1,0,t0XocOd49G,KvWjBwTyRa,0,1,r4fXP8m296,SNdI2XECGO,0,0,B2u6YFEyGK,P0IpqaTOmd,0,0,zm8uTJMc0n,5WMPnEHDiI,0,0,qtfxwTmJMc,l9x0UoLhtK,1,0,TE2PB73ZLc,M2yn6XVi5W,1,1
